{
  "project_info": {
    "project_number": "715307532363",
    "firebase_url": "https://crudcesba-default-rtdb.firebaseio.com",
    "project_id": "crudcesba",
    "storage_bucket": "crudcesba.appspot.com"
  },
  "client": [
    {
      "client_info": {
        "mobilesdk_app_id": "1:715307532363:android:e85fe1633e21f48a1e8dce",
        "android_client_info": {
          "package_name": "com.example.crudfirebase"
        }
      },
      "oauth_client": [
        {
          "client_id": "715307532363-otn7jgf9sqc6hdds34h8mbrof2qso5de.apps.googleusercontent.com",
          "client_type": 1,
          "android_info": {
            "package_name": "com.example.crudfirebase",
            "certificate_hash": "5b55fbcafd6c2926461740ca116015bd2dbb2e95"
          }
        },
        {
          "client_id": "715307532363-3gpkt4qg33p6gdibshp3544dtke93unc.apps.googleusercontent.com",
          "client_type": 3
        }
      ],
      "api_key": [
        {
          "current_key": "AIzaSyA16hOwtIn-7Pxb2yPLv3tBkn3DO_ROl0g"
        }
      ],
      "services": {
        "appinvite_service": {
          "other_platform_oauth_client": [
            {
              "client_id": "715307532363-3gpkt4qg33p6gdibshp3544dtke93unc.apps.googleusercontent.com",
              "client_type": 3
            }
          ]
        }
      }
    }
  ],
  "configuration_version": "1"
}