{
  "project_info": {
    "project_number": "775457316573",
    "project_id": "crudtunombre",
    "storage_bucket": "crudtunombre.appspot.com"
  },
  "client": [
    {
      "client_info": {
        "mobilesdk_app_id": "1:775457316573:android:251f879939527af25b4534",
        "android_client_info": {
          "package_name": "com.example.crudtunombre"
        }
      },
      "oauth_client": [
        {
          "client_id": "775457316573-61psvh8k5op9rrhjdq1f1gveek8hc2cc.apps.googleusercontent.com",
          "client_type": 1,
          "android_info": {
            "package_name": "com.example.crudtunombre",
            "certificate_hash": "5b55fbcafd6c2926461740ca116015bd2dbb2e95"
          }
        },
        {
          "client_id": "775457316573-9ffjnptaub77aqud9b1n4crvbq0g6n7h.apps.googleusercontent.com",
          "client_type": 3
        }
      ],
      "api_key": [
        {
          "current_key": "AIzaSyBRprpk1UGQqXPOEWFOn17uOuN3nYlWpqI"
        }
      ],
      "services": {
        "appinvite_service": {
          "other_platform_oauth_client": [
            {
              "client_id": "775457316573-9ffjnptaub77aqud9b1n4crvbq0g6n7h.apps.googleusercontent.com",
              "client_type": 3
            }
          ]
        }
      }
    }
  ],
  "configuration_version": "1"
}